-- phpMyAdmin SQL Dump
-- version 3.4.9
-- http://www.phpmyadmin.net
--
-- Host: mysql51-003.wc1:3306
-- Generation Time: Dec 06, 2012 at 06:55 PM
-- Server version: 5.1.61
-- PHP Version: 5.2.13

SET SQL_MODE="NO_AUTO_VALUE_ON_ZERO";
SET time_zone = "+00:00";

--
-- Database: `699102_whenme`
--

-- --------------------------------------------------------

--
-- Table structure for table `checkIn`
--

CREATE TABLE `checkIn` (
  `checkInID` int(11) NOT NULL AUTO_INCREMENT,
  `location` varchar(255) NOT NULL,
  `date` date NOT NULL,
  `time` time NOT NULL,
  `AMPM` varchar(255) NOT NULL,
  `userID` int(11) NOT NULL,
  `createdDateTime` datetime NOT NULL,
  KEY `checkInID` (`checkInID`)
) ENGINE=MyISAM  DEFAULT CHARSET=utf8 AUTO_INCREMENT=85 ;

--
-- Dumping data for table `checkIn`
--

INSERT INTO `checkIn` (`checkInID`, `location`, `date`, `time`, `AMPM`, `userID`, `createdDateTime`) VALUES
(84, 'London, United Kingdom ', '2012-01-20', '09:00:00', 'AM', 20, '2012-01-20 05:17:37'),
(83, 'Perfect Cup, Pine Island Road, Matlacha, FL ', '2011-11-27', '09:00:00', 'AM', 18, '2011-11-26 16:05:27'),
(79, 'Perfect Cup, Matlacha, FL ', '2011-09-02', '09:00:00', 'AM', 19, '2011-09-01 15:40:28'),
(80, 'Perfect cup ', '2011-09-06', '09:00:00', 'AM', 19, '2011-09-05 14:14:48'),
(81, 'Dicicco Quality Meats, Cape Coral, FL ', '2011-09-06', '12:00:00', 'PM', 18, '2011-09-06 08:41:47'),
(82, 'Sheraton Tampa Riverwalk Hotel, North Ashley Drive, Tampa, FL ', '2011-10-15', '12:00:00', 'PM', 18, '2011-10-14 12:37:39');

-- --------------------------------------------------------

--
-- Table structure for table `friends`
--

CREATE TABLE `friends` (
  `ID` int(11) NOT NULL AUTO_INCREMENT,
  `followerID` int(11) NOT NULL,
  `followingID` int(11) NOT NULL,
  `status` int(11) NOT NULL DEFAULT '1',
  `createdDate` datetime NOT NULL,
  PRIMARY KEY (`ID`)
) ENGINE=MyISAM  DEFAULT CHARSET=utf8 AUTO_INCREMENT=113 ;

--
-- Dumping data for table `friends`
--

INSERT INTO `friends` (`ID`, `followerID`, `followingID`, `status`, `createdDate`) VALUES
(27, 117, 111, 1, '2012-06-28 10:48:58'),
(26, 116, 111, 1, '2012-06-28 10:39:37'),
(28, 118, 111, 1, '2012-06-28 10:56:13'),
(29, 119, 111, 1, '2012-06-28 11:06:29'),
(30, 111, 118, 1, '2012-06-28 11:59:32'),
(31, 120, 111, 1, '2012-06-28 19:43:27'),
(32, 120, 116, 1, '2012-06-28 20:00:23'),
(33, 120, 117, 1, '2012-06-28 20:00:42'),
(34, 120, 118, 1, '2012-06-28 20:01:21'),
(35, 120, 119, 1, '2012-06-28 20:01:44'),
(36, 111, 120, 1, '2012-06-28 20:03:54'),
(37, 121, 111, 1, '2012-06-28 21:23:09'),
(40, 111, 111, 1, '2012-06-29 12:33:26'),
(41, 122, 111, 1, '2012-08-01 13:15:22'),
(42, 123, 111, 1, '2012-08-02 10:25:53'),
(43, 124, 111, 1, '2012-08-02 14:14:26'),
(44, 125, 111, 1, '2012-08-02 16:01:11'),
(45, 111, 122, 1, '2012-08-02 17:10:23'),
(46, 126, 111, 1, '2012-08-02 21:28:16'),
(47, 127, 111, 1, '2012-08-03 10:21:21'),
(48, 128, 111, 1, '2012-08-07 00:44:08'),
(49, 129, 111, 1, '2012-08-09 15:25:09'),
(50, 130, 111, 1, '2012-08-14 12:02:30'),
(51, 131, 111, 1, '2012-08-14 12:16:11'),
(53, 133, 111, 1, '2012-08-14 13:00:05'),
(54, 134, 111, 1, '2012-08-14 13:23:14'),
(55, 135, 111, 1, '2012-08-14 15:22:13'),
(56, 136, 111, 1, '2012-08-16 00:16:44'),
(57, 137, 111, 1, '2012-08-16 03:16:16'),
(58, 138, 111, 1, '2012-08-16 12:50:02'),
(59, 139, 111, 1, '2012-08-20 22:53:22'),
(60, 140, 111, 1, '2012-08-21 14:38:01'),
(61, 141, 111, 1, '2012-08-22 19:13:51'),
(62, 141, 116, 1, '2012-08-22 19:14:23'),
(63, 142, 111, 1, '2012-08-25 10:15:23'),
(64, 143, 111, 1, '2012-08-26 19:01:30'),
(65, 143, 116, 1, '2012-08-26 19:01:38'),
(66, 144, 111, 1, '2012-08-28 14:50:02'),
(67, 145, 111, 1, '2012-08-28 16:59:18'),
(71, 147, 146, 1, '2012-09-05 21:03:00'),
(72, 146, 147, 1, '2012-09-05 21:03:31'),
(73, 148, 111, 1, '2012-09-12 15:47:54'),
(74, 148, 116, 1, '2012-09-12 15:49:28'),
(75, 149, 111, 1, '2012-09-20 01:49:10'),
(76, 150, 111, 1, '2012-09-20 09:02:49'),
(77, 151, 111, 1, '2012-09-20 11:06:03'),
(78, 152, 111, 1, '2012-09-21 18:22:25'),
(80, 154, 111, 1, '2012-09-22 10:02:31'),
(82, 156, 111, 1, '2012-09-22 23:43:12'),
(83, 157, 111, 1, '2012-09-23 10:27:25'),
(84, 111, 117, 1, '2012-09-23 11:59:11'),
(86, 159, 111, 1, '2012-09-24 16:57:46'),
(87, 160, 111, 1, '2012-09-25 22:00:24'),
(89, 161, 111, 1, '2012-09-26 09:56:11'),
(90, 162, 111, 1, '2012-09-26 22:47:20'),
(92, 164, 111, 1, '2012-10-03 12:02:44'),
(93, 165, 111, 1, '2012-10-07 03:59:48'),
(94, 166, 111, 1, '2012-10-07 23:38:14'),
(95, 167, 111, 1, '2012-10-08 19:28:47'),
(96, 168, 111, 1, '2012-10-08 22:35:39'),
(98, 170, 111, 1, '2012-10-09 23:57:25'),
(99, 171, 111, 1, '2012-10-13 13:11:15'),
(100, 172, 111, 1, '2012-10-14 19:17:26'),
(101, 173, 111, 1, '2012-10-17 03:14:57'),
(102, 174, 111, 1, '2012-10-17 07:55:53'),
(103, 175, 111, 1, '2012-10-18 09:44:17'),
(104, 176, 111, 1, '2012-10-18 22:40:52'),
(105, 177, 111, 1, '2012-10-20 02:20:27'),
(106, 178, 111, 1, '2012-10-28 05:23:08'),
(107, 179, 111, 1, '2012-10-31 21:46:56'),
(108, 180, 111, 1, '2012-11-09 16:08:58'),
(109, 181, 111, 1, '2012-11-19 20:36:32'),
(111, 183, 111, 1, '2012-12-02 23:38:02'),
(112, 184, 111, 1, '2012-12-06 15:08:10');

-- --------------------------------------------------------

--
-- Table structure for table `plan`
--

CREATE TABLE `plan` (
  `planID` int(11) NOT NULL AUTO_INCREMENT,
  `planText` varchar(255) DEFAULT NULL,
  `active` int(11) NOT NULL,
  `createDate` datetime NOT NULL,
  `latitude` double DEFAULT NULL,
  `longitude` double DEFAULT NULL,
  `planDate` datetime NOT NULL,
  `planCompleteDate` datetime DEFAULT NULL,
  `planDigit` varchar(255) DEFAULT NULL,
  `planTimeFrame` varchar(255) DEFAULT NULL,
  `userID` int(11) NOT NULL,
  `uniqueID` varchar(255) DEFAULT NULL,
  `joins` int(11) NOT NULL DEFAULT '0',
  `hasPlanPhoto` int(11) NOT NULL DEFAULT '0',
  `hasCompletePhoto` int(11) NOT NULL DEFAULT '0',
  PRIMARY KEY (`planID`)
) ENGINE=MyISAM  DEFAULT CHARSET=utf8 AUTO_INCREMENT=406 ;

--
-- Dumping data for table `plan`
--

INSERT INTO `plan` (`planID`, `planText`, `active`, `createDate`, `latitude`, `longitude`, `planDate`, `planCompleteDate`, `planDigit`, `planTimeFrame`, `userID`, `uniqueID`, `joins`, `hasPlanPhoto`, `hasCompletePhoto`) VALUES
(324, 'High Maintenance Day Spa', 1, '2012-06-28 10:42:18', 26.545715, -82.008006, '2012-09-25 11:30:11', NULL, '27', 'days from now', 116, 'da3g04', 0, 1, 0),
(325, 'Key west!!!', 1, '2012-06-28 10:46:51', 26.545692, -82.008164, '2012-09-15 12:30:11', NULL, '34', 'days from now', 116, 'dk99zq', 0, 1, 0),
(326, 'Mohegan Sun Casino', 1, '2012-06-28 10:50:19', 26.54568, -82.008227, '2012-09-26 11:15:11', NULL, '27', 'days from now', 117, 'ig8mf9', 1, 1, 0),
(327, 'Stop and smell the roses', 1, '2012-06-28 10:54:01', 26.545792, -82.008161, '2012-09-23 17:00:11', NULL, '28', 'days from now', 117, 'zfnxkw', 0, 1, 0),
(328, 'Go for a bike ride', 1, '2012-06-28 10:59:44', 26.545949, -82.008092, '2012-09-24 12:00:11', NULL, '28', 'days from now', 118, 'bi66wn', 0, 1, 0),
(329, 'Key Largo Club Bar', 1, '2012-06-28 11:01:22', 26.545949, -82.008092, '2012-09-03 12:00:11', NULL, '27', 'days from now', 118, '14ldb7', 1, 1, 0),
(330, 'Manatee Park', 1, '2012-06-28 11:09:06', 26.69361, -81.77766, '2012-09-17 21:00:45', NULL, '37', 'days from now', 119, 'he6ke7', 1, 1, 0),
(331, 'Cook moms lasagna', 1, '2012-06-28 11:12:17', 26.545707, -82.008102, '2012-08-25 12:00:48', NULL, '26', 'days from now', 119, 'eb4ib5', 0, 1, 0),
(332, 'Plant a vegetable garden', 1, '2012-06-28 11:56:37', 26.545701, -82.007982, '2012-09-25 12:45:18', NULL, '35', 'days from now', 116, 'gd6jd7', 4, 1, 0),
(333, 'Go fishing', 1, '2012-06-28 11:59:04', 26.54568, -82.007996, '2012-09-22 06:45:18', NULL, '35', 'days from now', 111, 'b8ze81', 4, 1, 0),
(334, 'Fort Myers aquatic center', 1, '2012-06-28 16:07:18', 26.588678, -81.876421, '2012-06-28 17:05:08', NULL, '--', 'right now', 111, '52t82u', 0, 1, 0),
(335, 'This is my test plan', 0, '2012-06-28 21:24:13', 26.580013, -82.030932, '2012-06-28 22:38:49', NULL, '15', 'minutes from now', 121, '96yc6z', 0, 1, 0),
(336, 'Hooters', 1, '2012-06-29 12:44:37', 26.59846, -81.87114, '2012-09-02 13:44:03', NULL, '--', 'right now', 111, 'pmfsmg', 0, 0, 0),
(337, 'Fix Marine Supply', 2, '2012-06-29 12:59:04', 26.55824, -82.02206, '2012-06-29 13:58:54', '2012-06-29 12:59:35', '--', 'right now', 111, 'c91f92', 0, 0, 0),
(338, 'Stonewood Grill & Tavern', 1, '2012-06-29 17:46:26', 26.55577, -81.87343, '2012-06-29 18:45:39', NULL, '--', 'right now', 111, 'tqiwpj', 0, 0, 0),
(339, 'Go to the coolest place in the world', 1, '2012-07-01 09:44:02', 26.586778, -82.034813, '2012-07-01 10:43:44', NULL, '--', 'right now', 111, 'ljbpic', 0, 0, 0),
(340, 'San Diego for Comic Con 2012', 1, '2012-07-02 13:53:40', NULL, NULL, '2012-07-09 14:52:14', NULL, '1', 'week from now', 111, 'zwp4wq', 0, 1, 0),
(341, 'Publix Super Market', 1, '2012-07-03 11:00:37', 26.56117, -82.0078, '2012-07-03 11:59:39', NULL, '--', 'right now', 111, 'b81f82', 0, 1, 0),
(342, 'W.P. Franklin Campground for 4th of July festivities ', 1, '2012-07-04 12:56:58', 26.7235, -81.69307, '2012-07-04 16:59:59', NULL, '--', 'today', 111, 'fd5jc6', 0, 1, 0),
(343, 'Bogart''s Bar & Grille', 1, '2012-07-09 12:14:13', 26.37687, -80.11292, '2012-07-09 13:13:38', NULL, '--', 'right now', 111, 'li0ohb', 0, 1, 0),
(344, 'BurgerFi', 1, '2012-07-09 17:43:20', 26.46137, -80.05865, '2012-07-09 18:43:05', NULL, '--', 'right now', 111, '52u92v', 0, 1, 0),
(345, 'Denver International Airport', 1, '2012-07-10 12:58:46', 39.84951, -104.6739, '2012-07-10 11:57:02', NULL, '--', 'right now', 111, 'sphvpj', 0, 1, 0),
(346, 'San Diego Marriott Marquis & Marina', 1, '2012-07-10 17:27:19', 32.70813, -117.1657, '2012-07-10 15:26:46', NULL, '--', 'right now', 111, 'rogunh', 0, 1, 0),
(347, 'Hilton San Diego Bayfront iron man press event', 1, '2012-07-14 18:26:58', 32.70325, -117.1586, '2012-07-14 16:26:27', NULL, '--', 'right now', 111, '41s71t', 0, 1, 0),
(348, 'Oasis Middle School', 2, '2012-07-18 19:03:03', 26.5877914428711, -82.0238342285156, '2012-07-18 23:58:59', '2012-07-18 19:03:54', '3', 'hours from now', 111, 'oldrle', 0, 1, 0),
(349, 'Traders on Sanibel Island', 1, '2012-08-01 15:57:32', 26.586805, -82.034853, '2012-08-01 19:00:18', NULL, '2', 'hours from now', 111, 'he7le8', 0, 0, 0),
(350, 'New bfw office!', 1, '2012-08-02 14:49:15', 26.406997, -80.116009, '2012-08-03 08:30:16', NULL, '16', 'hours from now', 122, '41t81u', 1, 0, 0),
(351, 'Boynton Beach Mall --Victoria school clothes shopping. ', 1, '2012-08-04 16:47:46', 26.53607, -80.09609, '2012-08-04 17:46:31', NULL, '--', 'right now', 122, '96xc6y', 0, 0, 0),
(352, 'Eat', 2, '2012-08-06 19:36:58', 43.062854, -77.484148, '2012-08-06 20:36:47', '2012-08-06 19:37:12', '--', 'right now', 124, 'urjxrk', 0, 0, 0),
(353, 'Take a nap', 2, '2012-08-06 19:38:54', 43.067868, -77.484147, '2012-08-06 21:08:52', '2012-08-06 20:09:08', '30', 'minutes from now', 124, 'rohuoi', 0, 0, 0),
(354, 'Run A Grounds', 1, '2012-08-10 13:09:12', 26.54541, -82.00806, '2012-08-10 14:09:04', NULL, '--', 'right now', 111, 'yvn2vo', 0, 0, 0),
(355, 'Walt disney world', 2, '2012-08-10 17:53:18', 26.459611, -80.12307, '2012-08-10 21:52:44', '2012-08-10 20:49:52', '3', 'hours from now', 122, 'he6kd7', 0, 0, 0),
(356, 'Be watching the dolphins bucs game', 1, '2012-08-10 18:06:14', 26.575684, -82.030351, '2012-08-10 19:35:30', NULL, '29', 'minutes from now', 111, '85xb5y', 0, 0, 0),
(357, 'Disney''s Animal Kingdom', 1, '2012-08-11 08:04:52', 28.35439, -81.60569, '2012-08-11 10:04:03', NULL, '1', 'hour from now', 122, 'gd5jc6', 0, 0, 0),
(358, 'Run', 2, '2012-08-14 13:23:23', 33.420135, -86.707319, '2012-08-14 17:34:30', '2012-08-16 07:51:05', '5', 'hours from now', 134, 'if7lf9', 0, 0, 0),
(359, 'drink some beer', 1, '2012-08-14 15:22:20', 46.427701, 30.709237, '2012-08-15 23:20:38', NULL, '--', 'tomorrow', 135, 'zwo3vp', 0, 0, 0),
(360, 'swim', 1, '2012-08-14 15:30:16', 46.427693, 30.709258, '2012-08-15 23:30:03', NULL, '--', 'tomorrow', 135, 'u2ppg7', 0, 1, 0),
(361, 'Take the kids To school', 2, '2012-08-16 03:20:28', 34.402807, -117.242096, '2012-08-15 18:00:16', '2012-08-16 03:23:07', '', 'in the past', 137, 'if7lf8', 0, 0, 0),
(362, 'Sports Chiropractic and Natural Health Solutions', 1, '2012-08-20 11:52:49', 26.40847, -80.20148, '2012-08-20 12:52:36', NULL, '--', 'right now', 122, '1xq4xr', 0, 0, 0),
(363, 'Apple Store Boca Raton', 1, '2012-08-21 11:21:35', 26.36781, -80.13647, '2012-08-21 12:21:27', NULL, '--', 'right now', 122, '1xp4wq', 0, 0, 0),
(364, 'Santino''s A Family Pizzeria', 1, '2012-08-27 11:40:33', 26.45934, -80.09385, '2012-08-27 12:40:25', NULL, '--', 'right now', 122, 'c92f93', 0, 0, 0),
(365, 'Boca Raton Town Center Mall', 1, '2012-08-28 11:43:28', 26.36565, -80.13309, '2012-08-28 12:42:50', NULL, '--', 'right now', 122, '85wb4x', 0, 0, 0),
(366, 'Kiss you;)', 1, '2012-08-28 17:02:54', 40.701452, -73.922686, '2012-08-28 18:12:44', NULL, '10', 'minutes from now', 145, 'yvn2vp', 0, 0, 0),
(367, 'Five Guys Burgers & Fries', 1, '2012-08-29 17:07:40', 26.60288, -81.97445, '2012-08-29 18:37:32', NULL, '30', 'minutes from now', 111, '3zr6ys', 0, 1, 0),
(368, 'Have a coffee wanna join?!', 2, '2012-08-30 08:58:17', 40.700231, -73.922684, '2012-08-30 10:02:04', '2012-08-30 09:02:15', '5', 'minutes from now', 145, 'hocc3t', 0, 0, 0),
(369, 'Golisano Children''s Museum of Naples', 1, '2012-09-02 10:01:27', 26.26604, -81.75212, '2012-09-02 12:00:13', NULL, '1', 'hour from now', 111, 'gd5jd6', 0, 1, 0),
(370, 'Apple Inc', 1, '2012-09-02 11:42:30', 26.21307, -81.80078, '2012-09-02 12:42:12', NULL, '--', 'right now', 111, 'y6ttkb', 0, 1, 0),
(371, 'Sweep the kitchen', 0, '2012-09-05 20:58:01', 44.921299, -93.097915, '2012-09-05 17:24:33', NULL, '', 'in the past', 146, '63u93v', 0, 1, 0),
(372, 'Walk the dog', 2, '2012-09-05 21:05:33', 44.921303, -93.097822, '2012-09-05 21:35:25', '2012-09-05 21:08:10', '30', 'minutes from now', 146, '2zr6ys', 1, 0, 0),
(373, 'Mail mom her B-day gift', 1, '2012-09-05 21:27:58', 44.930957, -93.095877, '2012-09-07 16:00:26', NULL, '1', 'days from now', 147, '3zr6zt', 1, 0, 0),
(374, 'Walk the dog', 1, '2012-09-05 21:28:29', 44.921303, -93.097822, '2012-09-05 21:35:25', NULL, '28', 'minutes from now', 147, 'y6uulc', 1, 0, 0),
(375, 'Switch the washing and fold clothes', 2, '2012-09-05 21:28:44', 44.921318, -93.09791, '2012-09-05 21:55:49', '2012-09-05 22:29:30', '30', 'minutes from now', 146, 'lsgg7x', 0, 0, 0),
(376, 'Miami beach ', 1, '2012-09-07 16:47:42', 26.586885, -82.034812, '2012-09-07 23:58:59', NULL, '--', 'tonight', 111, 'wtlzsm', 0, 0, 0),
(377, 'Set sail on a Disney Cruise', 1, '2012-09-17 16:29:32', 26.583023, -82.029723, '2012-11-08 16:00:46', NULL, '51', 'days from now', 111, 'mtih9z', 1, 1, 0),
(378, 'Fort Myers aquatic center', 1, '2012-09-18 16:16:06', 26.588317, -81.878771, '2012-09-18 17:15:17', NULL, '--', 'right now', 111, 'b8ze71', 0, 1, 0),
(379, 'Set sail on a Disney Cruise', 1, '2012-09-19 14:32:27', 26.583023, -82.029723, '2012-11-08 16:00:46', NULL, '50', 'days from now', 122, 'nkcqkd', 1, 1, 0),
(380, 'Sleep', 1, '2012-09-20 01:49:20', NULL, NULL, '2012-09-20 01:47:35', NULL, '--', 'right now', 149, 'liaoic', 0, 0, 0),
(381, 'Run A Grounds', 2, '2012-09-22 14:59:23', 26.5454063415527, -82.008056640625, '2012-09-22 13:51:22', '2012-09-23 11:43:01', '', 'in the past', 111, 'eb4hb5', 0, 0, 0),
(382, 'Mohegan Sun Casino', 1, '2012-09-23 11:59:30', 26.54568, -82.008227, '2012-09-26 11:15:11', NULL, '2', 'days from now', 111, 'sznne5', 0, 1, 0),
(383, 'Sleep', 2, '2012-09-28 02:27:24', NULL, NULL, '2012-09-28 02:42:06', '2012-09-28 02:28:52', '15', 'minutes from now', 163, 'vslzsm', 0, 1, 0),
(384, 'Pump It Up for gabes 6th birthday  party', 1, '2012-09-29 09:47:31', 26.600679397583, -81.8403472900391, '2012-09-29 12:46:44', NULL, '1', 'hour from now', 111, '2yq5xr', 0, 1, 0),
(385, 'Concierto de la Trevi arena Monterrey ', 1, '2012-10-08 22:37:44', 25.732033, -100.184373, '2012-10-27 20:30:48', NULL, '18', 'days from now', 168, 'urkxrl', 0, 0, 0),
(386, 'Aniversario ', 0, '2012-10-08 22:56:06', 25.73198, -100.18436, '2012-11-07 21:56:04', NULL, '30', 'days from now', 168, 'd02g03', 0, 0, 0),
(387, 'Ida S. Baker High School football', 1, '2012-10-12 18:39:12', 26.58691, -82.01732, '2012-10-12 19:38:52', NULL, '--', 'right now', 111, '07yd6z', 0, 1, 0),
(388, 'Basti''s house later', 2, '2012-10-13 13:52:13', 14.706004, 121.017712, '2012-10-14 11:00:47', '2012-10-13 13:53:13', '8', 'hours from now', 171, 'oleslf', 0, 0, 0),
(389, '????????lunchieeeee ?????????? ', 1, '2012-10-13 20:59:39', 14.705204, 121.019703, '2012-10-14 14:02:52', NULL, '4', 'hours from now', 171, 'qnftnh', 0, 0, 0),
(390, 'Hunsader farms pumpkin festival Bradenton ', 1, '2012-10-14 08:37:49', 26.714192, -82.039232, '2012-10-14 16:59:59', NULL, '--', 'today', 111, '5czzqh', 0, 1, 0),
(391, 'Hunsader farms pumpkin festival Bradenton ', 1, '2012-10-14 11:44:05', 27.443914, -82.305535, '2012-10-14 12:43:49', NULL, '--', 'right now', 111, 'v3rqi9', 0, 1, 0),
(392, 'Leer el libro Psicología de Ventas', 1, '2012-10-17 07:56:09', 19.291296, -99.165095, '2012-11-06 06:52:49', NULL, '20', 'days from now', 174, 'gd5jd7', 0, 1, 0),
(393, 'Sweet Bean Coffee Cafe', 1, '2012-10-20 09:22:45', 26.54886, -81.91286, '2012-10-20 10:22:23', NULL, '--', 'right now', 111, 'yvn2uo', 0, 1, 0),
(394, 'Watch #ipadmini Apple event', 1, '2012-10-23 09:03:35', 26.546043, -82.008113, '2012-10-23 16:59:59', NULL, '--', 'today', 111, '6d11ri', 0, 1, 0),
(395, 'Gulf Elementary School fall festival ', 1, '2012-10-26 16:51:57', 26.58965, -82.01305, '2012-10-26 17:51:39', NULL, '--', 'right now', 111, 'gmbb2s', 0, 1, 0),
(396, 'Din muetter', 1, '2012-10-28 03:34:42', 47.358186, 8.553453, '2012-10-28 09:49:34', NULL, '15', 'minutes from now', 142, 'a7ze71', 0, 0, 0),
(397, 'Be Billionare', 0, '2012-10-28 07:55:26', NULL, NULL, '2017-10-27 11:18:11', NULL, '4', 'years from now', 178, 'zwp3wq', 0, 1, 0),
(398, 'Watch Star Wars episode 7', 1, '2012-10-30 16:44:07', 26.634165, -81.95217, '2015-10-30 17:31:28', NULL, '2', 'years from now', 111, 'eb3ha4', 0, 1, 0),
(399, 'Watch Star Wars episode 7', 1, '2012-10-30 18:30:27', 26.586843, -82.030729, '2015-10-30 19:30:06', NULL, '3', 'years from now', 111, 'omeslf', 0, 1, 0),
(400, 'Ich werde meine Deutche Hausaufgabe \n', 2, '2012-11-03 08:57:46', 19.426916, -99.171067, '2012-11-03 16:59:59', '2012-11-11 09:21:51', '9', 'hours from now', 179, '63v93w', 0, 0, 0),
(401, 'Vote ', 1, '2012-11-06 07:24:31', 26.586812, -82.034865, '2012-11-06 16:59:59', NULL, '--', 'today', 111, 'qnftmg', 0, 0, 0),
(402, 'Win my karate tournament ', 1, '2012-11-09 16:09:06', 33.458134, -117.588619, '2012-12-07 09:00:04', NULL, '3', 'weeks from now', 180, 'qnftng', 0, 0, 0),
(403, 'Nap', 1, '2012-11-22 16:16:52', 28.52444, -81.235322, '2012-11-22 17:16:43', NULL, '--', 'right now', 111, '41s71u', 0, 0, 0),
(404, 'The Mall at Millenia', 1, '2012-11-23 10:41:24', 28.48573, -81.43147, '2012-11-23 11:41:07', NULL, '--', 'right now', 111, 'oldrke', 0, 1, 0),
(405, 'hotel,nafron, prizren,hotel,hotel,familijar,apartment,Sallen,per,dasma,restaurant,', 1, '2012-12-06 15:16:24', 42.22711, 20.75284, '2012-12-06 22:31:16', NULL, '15', 'minutes from now', 184, 'el991q', 0, 0, 0);

-- --------------------------------------------------------

--
-- Table structure for table `planJoins`
--

CREATE TABLE `planJoins` (
  `ID` int(11) NOT NULL AUTO_INCREMENT,
  `uniqueID` varchar(255) NOT NULL,
  `userID` int(11) NOT NULL,
  `joinDate` datetime NOT NULL,
  PRIMARY KEY (`ID`)
) ENGINE=MyISAM  DEFAULT CHARSET=utf8 AUTO_INCREMENT=50 ;

--
-- Dumping data for table `planJoins`
--

INSERT INTO `planJoins` (`ID`, `uniqueID`, `userID`, `joinDate`) VALUES
(30, '14ldb7', 111, '2012-06-28 11:59:32'),
(31, 'b8ze81', 120, '2012-06-28 21:05:37'),
(32, 'b8ze81', 111, '2012-06-29 12:33:26'),
(33, 'he6ke7', 120, '2012-08-01 12:39:09'),
(34, 'gd6jd7', 120, '2012-08-01 12:39:57'),
(35, '(null)', 123, '2012-08-02 10:30:17'),
(36, 'b8ze81', 125, '2012-08-02 16:02:43'),
(37, '41t81u', 111, '2012-08-02 17:10:23'),
(38, 'gd6jd7', 141, '2012-08-22 19:14:23'),
(39, 'gd6jd7', 143, '2012-08-26 19:01:38'),
(40, '(null)', 144, '2012-08-28 14:52:46'),
(41, 'b8ze81', 145, '2012-08-28 17:01:06'),
(42, '2zr6ys', 147, '2012-09-05 21:06:55'),
(43, '3zr6zt', 146, '2012-09-05 21:29:15'),
(44, 'y6uulc', 146, '2012-09-05 21:30:45'),
(45, 'gd6jd7', 148, '2012-09-12 15:49:28'),
(46, 'mtih9z', 122, '2012-09-19 14:26:23'),
(47, 'nkcqkd', 111, '2012-09-23 11:49:10'),
(48, 'ig8mf9', 111, '2012-09-23 11:59:11'),
(49, '(null)', 184, '2012-12-06 15:08:21');

-- --------------------------------------------------------

--
-- Table structure for table `user`
--

CREATE TABLE `user` (
  `userID` int(11) NOT NULL AUTO_INCREMENT,
  `email` varchar(255) NOT NULL,
  `firstName` varchar(255) NOT NULL,
  `lastName` varchar(255) NOT NULL,
  `gender` varchar(255) NOT NULL,
  `locale` varchar(255) NOT NULL,
  `username` varchar(255) NOT NULL,
  `birthday` date NOT NULL,
  `location` varchar(255) NOT NULL,
  `lastActivity` datetime NOT NULL,
  `createdDateTime` datetime NOT NULL,
  `password` varchar(255) NOT NULL,
  `profilePicture` int(11) DEFAULT '0',
  `tokens` int(11) NOT NULL DEFAULT '0',
  PRIMARY KEY (`email`),
  KEY `userID` (`userID`)
) ENGINE=MyISAM  DEFAULT CHARSET=utf8 AUTO_INCREMENT=185 ;

--
-- Dumping data for table `user`
--

INSERT INTO `user` (`userID`, `email`, `firstName`, `lastName`, `gender`, `locale`, `username`, `birthday`, `location`, `lastActivity`, `createdDateTime`, `password`, `profilePicture`, `tokens`) VALUES
(111, 'eric.english@gmail.com', '', '', '', '', 'eric', '0000-00-00', '', '2012-06-21 12:18:08', '2012-06-21 12:18:08', 'B20046718555DEBF2576346F44646DDC83245F', 1, 60),
(119, '80s@mediaspree.com', '', '', '', '', '80sgirl', '0000-00-00', '', '2012-06-28 11:06:29', '2012-06-28 11:06:29', '7891473AE9FEA1725530786A3C0F2CE331C361', 1, 16),
(118, 'karma@mediaspree.com', '', '', '', '', 'karmaguy', '0000-00-00', '', '2012-06-28 10:56:13', '2012-06-28 10:56:13', 'D5A1399E8FEB3885170253B344EECA2DA0104F', 1, 12),
(117, 'cats@mediaspree.com', '', '', '', '', 'catsrule', '0000-00-00', '', '2012-06-28 10:48:58', '2012-06-28 10:48:58', 'FC0227553917491CF02312FC6552223C08C546', 1, 8),
(116, 'susan@mediaspree.com', '', '', '', '', 'susan42', '0000-00-00', '', '2012-06-28 10:39:37', '2012-06-28 10:39:37', '68731C2C7BA6404E99B7A4830011BDAED73547', 1, 18),
(120, 'apptester@mediaspree.com', '', '', '', '', 'apptester', '0000-00-00', '', '2012-06-28 19:43:27', '2012-06-28 19:43:27', 'B2D2988871444D705317E79E35438648667F60', 1, 2),
(121, 'mytest123@yahoo.com', '', '', '', '', 'mytest', '0000-00-00', '', '2012-06-28 21:23:09', '2012-06-28 21:23:09', '508273E6566037A5E1E5339F277CE826349A31', 1, 26),
(122, 'nrose101@gmail.com', '', '', '', '', 'nrose101', '0000-00-00', '', '2012-08-01 13:15:22', '2012-08-01 13:15:22', '81D2953ED4FB9391704D757E114FCD687049C0', 1, 42),
(123, 'nvdong1962@gmail.com', '', '', '', '', 'nvdong', '0000-00-00', '', '2012-08-02 10:25:53', '2012-08-02 10:25:53', '1DA268108C38D37BCF95DC5D0E1522351A9651', 1, 0),
(124, 'cheetahchee9@aol.com', '', '', '', '', 'kath', '0000-00-00', '', '2012-08-02 14:14:26', '2012-08-02 14:14:26', '0C714D502BF7F6402810985B80DF582B75E93D', 0, 16),
(125, 'bangallyjabbie@yahoo.com', '', '', '', '', 'bangally', '0000-00-00', '', '2012-08-02 16:01:11', '2012-08-02 16:01:11', '7D3150B3E9729ED4A0483D48BEE54C0F9C840A', 1, 0),
(126, 'smartwmd300g@gmail.com', '', '', '', '', 'washto', '0000-00-00', '', '2012-08-02 21:28:16', '2012-08-02 21:28:16', 'C360809A13225844285C3E27DE0BFA8065A0CD', 1, 0),
(127, 'apss@zscaler.com', '', '', '', '', 'unzscaler', '0000-00-00', '', '2012-08-03 10:21:21', '2012-08-03 10:21:21', 'D4D216A85758AEA8D11F28C87083D8EEE7C138', 0, 0),
(128, 'knab.julie@gmail.com', '', '', '', '', 'julie', '0000-00-00', '', '2012-08-07 00:44:08', '2012-08-07 00:44:08', 'E6A11DB48F7565453FB89722F8BD0720621B21', 1, 0),
(129, 'jeffkuntz@gmail.com', '', '', '', '', 'jeff', '0000-00-00', '', '2012-08-09 15:25:09', '2012-08-09 15:25:09', '610108869F9D1630756609AA6743960C2A87A7', 0, 0),
(130, 'jilldave@gmail.com', '', '', '', '', 'jilldave', '0000-00-00', '', '2012-08-14 12:02:30', '2012-08-14 12:02:30', '5EE26682F2027B4448FC3E1F79AC6261986A6F', 0, 0),
(131, 'melissateh@gmail.com', '', '', '', '', 'mel ', '0000-00-00', '', '2012-08-14 12:16:11', '2012-08-14 12:16:11', '35D25E7198C1B20A754E4D6C9BB4176ADC7679', 1, 0),
(132, 'magius@me.com', '', '', '', '', 'magius', '0000-00-00', '', '2012-08-14 12:29:59', '2012-08-14 12:29:59', '7F213AF7E8D81CD834644448A1FB9496DD89E7', 1, 0),
(133, 'garylimhh81@gmail.com', '', '', '', '', 'garylim', '0000-00-00', '', '2012-08-14 13:00:05', '2012-08-14 13:00:05', 'DAF21D49EA2D0FCCC26AD155070CA4991ADD75', 1, 0),
(134, 'ccmartin1@charter.net', '', '', '', '', 'ccmartin', '0000-00-00', '', '2012-08-14 13:23:14', '2012-08-14 13:23:14', '6FC22479BE180E52EDBAE0F5453079D120B2F2', 0, 5),
(135, 'alonskiy@gmail.com', '', '', '', '', 'sandr', '0000-00-00', '', '2012-08-14 15:22:13', '2012-08-14 15:22:13', '1EE27B08F9FAFCD45230D97EA0DD37416841A9', 1, 6),
(136, 'coldchillun27@yahoo.com', '', '', '', '', 'hotterdotcom', '0000-00-00', '', '2012-08-16 00:16:44', '2012-08-16 00:16:44', '206168FB7499FD97E77876103CFAF4A38324BE', 1, 0),
(137, 'aograffix@mail.com', '', '', '', '', 'ao graffixman', '0000-00-00', '', '2012-08-16 03:16:16', '2012-08-16 03:16:16', '14F26C34514322653150E1658F268128F049C0', 1, 6),
(138, 'seaofjord@gmail.com', '', '', '', '', 'jordan', '0000-00-00', '', '2012-08-16 12:50:02', '2012-08-16 12:50:02', '50929982C5F3C34E8467CFD17F2B75868351D3', 1, 0),
(139, 'emzy-bemzy@hotmail.co.uk', '', '', '', '', 'smilingemma', '0000-00-00', '', '2012-08-20 22:53:22', '2012-08-20 22:53:22', '993054D6543F5DF6A5283EAAC984B5525A44F1', 1, 0),
(140, 'zr_special@hotmail.com', '', '', '', '', 'reem', '0000-00-00', '', '2012-08-21 14:38:01', '2012-08-21 14:38:01', 'A4215F039660025EE72728792A236AF6F9D530', 1, 0),
(141, 'aleem_khurram@yahoo.com', '', '', '', '', 'troy', '0000-00-00', '', '2012-08-22 19:13:51', '2012-08-22 19:13:51', '05A0458346AE899623B0EB09F93F77A3D24E3F', 1, 0),
(142, 'kryon@me.com', '', '', '', '', 'kryon', '0000-00-00', '', '2012-08-25 10:15:23', '2012-08-25 10:15:23', 'C2731A182CDE8E774B67FED641A5DBA582452F', 1, 2),
(143, 'chris@applaunch.us', '', '', '', '', 'chrismaddern', '0000-00-00', '', '2012-08-26 19:01:30', '2012-08-26 19:01:30', '30914BBAF6358BD82470B87DD8C6603DCF42D7', 1, 0),
(144, 'kamalbalen@yahoo.com', '', '', '', '', 'babank', '0000-00-00', '', '2012-08-28 14:50:02', '2012-08-28 14:50:02', '4D008604DD8040CFCA0C2163CD046EE045AFE7', 1, 0),
(145, 'joeyschwartzz@gmail.com', '', '', '', '', 'butterfly86', '0000-00-00', '', '2012-08-28 16:59:18', '2012-08-28 16:59:18', '55C268437D488E1DEE109D53A2D560243EF4DD', 0, 12),
(146, 'elrodworld@yahoo.com', '', '', '', '', 'elrod', '0000-00-00', '', '2012-09-05 16:48:47', '2012-09-05 16:48:47', '239067C3221232EB6B5E06D9847B12DCC82CCD', 1, 26),
(147, 'mrbakerasis@yahoo.com', '', '', '', '', 'mrbaker', '0000-00-00', '', '2012-09-05 21:02:21', '2012-09-05 21:02:21', '6070654E5311A969C1CFC61044C11A8563395F', 1, 4),
(148, 'kelliannreid@optusnet.com.au', '', '', '', '', 'kelliiki', '0000-00-00', '', '2012-09-12 15:47:54', '2012-09-12 15:47:54', '92C154DBE3385D13E0534D2E29B18FA657D800', 1, 0),
(149, 'arii_rt@hotmail.com', '', '', '', '', 'ariirt', '0000-00-00', '', '2012-09-20 01:49:10', '2012-09-20 01:49:10', '86E074B7427108CF2866F4B46E1583179986FD', 0, 2),
(150, 'oscarrosadojr@gmail.com', '', '', '', '', 'orosado', '0000-00-00', '', '2012-09-20 09:02:49', '2012-09-20 09:02:49', '2AC140594BA4E7C1838217D93BE616CA498D12', 1, 0),
(151, 'cristoma_coka@hotmail.com', '', '', '', '', 'karlamac_', '0000-00-00', '', '2012-09-20 11:06:03', '2012-09-20 11:06:03', '3BD06E8212271ABD45D239968B77BC50CF0753', 1, 7),
(152, 'lizaperalta@me.com', '', '', '', '', 'lizaperalta', '0000-00-00', '', '2012-09-21 18:22:25', '2012-09-21 18:22:25', '4C1263BB2D0207BC59B31BCB45FF63508F5D08', 1, 0),
(153, 'aramost1@hotmail.com', '', '', '', '', 'capi', '0000-00-00', '', '2012-09-22 09:06:22', '2012-09-22 09:06:22', 'DB11228C1D941802269AD3F7A967FB159E40AA', 1, 0),
(154, 'j_esmeralda007@hotmail.com', '', '', '', '', 'janeth007', '0000-00-00', '', '2012-09-22 10:02:31', '2012-09-22 10:02:31', '38320533E19F51B3FDB9E41176CDB7E184148C', 1, 0),
(155, 'sissyval@hotmail.com', '', '', '', '', 'jackiiie', '0000-00-00', '', '2012-09-22 20:11:58', '2012-09-22 20:11:58', '542229EB31D2BE3C9B3107976785AD6CEDA7AD', 1, 0),
(156, 'saiiuu@hotmail.com', '', '', '', '', 'sayurigk', '0000-00-00', '', '2012-09-22 23:43:12', '2012-09-22 23:43:12', '1A5242252E54A4D3619269BCA238220D7EA3FB', 1, 2),
(157, 'yanin_sol@hotmail.com', '', '', '', '', 'andie :33', '0000-00-00', '', '2012-09-23 10:27:25', '2012-09-23 10:27:25', '2E0135DE86B858F2670D8DEC78EE1C1AC174D4', 1, 2),
(158, 'marianakiwii@hotmail.com', '', '', '', '', 'marryfo', '0000-00-00', '', '2012-09-23 19:17:01', '2012-09-23 19:17:01', '27729CB75A08A5A984518D2BB08E06A41359CE', 1, 12),
(159, 'rabrja2009@hotmail.com', '', '', '', '', 'awarrior123', '0000-00-00', '', '2012-09-24 16:57:46', '2012-09-24 16:57:46', 'A25280B32C6526054408088029F19E17539E25', 1, 0),
(160, 'inoju1@gmail.com', '', '', '', '', 'inoju', '0000-00-00', '', '2012-09-25 22:00:24', '2012-09-25 22:00:24', 'F8A05C7444806BED3B2705C81EFC76F4095F65', 1, 0),
(161, 'nayeli.zavala@hotmail.com', '', '', '', '', 'nayezavala', '0000-00-00', '', '2012-09-26 09:48:04', '2012-09-26 09:48:04', 'EDE24A3C3A9B1987CC679972AC268596CD6F6F', 1, 16),
(162, 'erykafoz@gmail.com', '', '', '', '', 'erykafoz', '0000-00-00', '', '2012-09-26 22:47:20', '2012-09-26 22:47:20', '2BB1046649B12088FC28EFD393BEBD77A60A89', 1, 0),
(163, 'starbucks_man@hotmail.com', '', '', '', '', 'starbucks_man', '0000-00-00', '', '2012-09-28 02:25:03', '2012-09-28 02:25:03', '49D229C75068B524704FBD4F0185838317503D', 1, 4),
(164, 'overson@earthlink.net', '', '', '', '', 'magaoverson', '0000-00-00', '', '2012-10-03 12:02:44', '2012-10-03 12:02:44', 'D9024E09D95BC1532BD4F6666A3176CA370D18', 0, 0),
(165, 'gusinuhe@gmail.com', '', '', '', '', 'gusinuhe', '0000-00-00', '', '2012-10-07 03:59:48', '2012-10-07 03:59:48', '5C814B7935B72D6C24347655F5108C8B1411BF', 1, 0),
(166, 'jennivna@gmail.com', '', '', '', '', 'naty! ', '0000-00-00', '', '2012-10-07 23:38:14', '2012-10-07 23:38:14', '71F31226F282A70FF786CE06881F63E838448C', 1, 0),
(167, 'carlogamboa@me.com', '', '', '', '', 'carlo gamboa', '0000-00-00', '', '2012-10-08 19:28:47', '2012-10-08 19:28:47', '92A04F265245C4B3CE0F5EB913285D6E73B0D0', 0, 0),
(168, 'amuji_k@hotmail.com', '', '', '', '', 'mujik', '0000-00-00', '', '2012-10-08 22:35:39', '2012-10-08 22:35:39', '733264583ADC084EC06378840BC612301A9F5D', 0, 6),
(169, 'alex-avalos@hotmail.com', '', '', '', '', 'avalos', '0000-00-00', '', '2012-10-09 09:14:44', '2012-10-09 09:14:44', '14C14A98DE5E773C28425ED8330D7161086366', 1, 0),
(170, 'ximena.baumgarten@hotmail.com', '', '', '', '', 'ximena baumgarten.', '0000-00-00', '', '2012-10-09 23:57:25', '2012-10-09 23:57:25', 'A38133EFDA0E0956675100D2037EC01AA3A1B2', 1, 0),
(171, 'hrodillas@yahoo.com', '', '', '', '', 'dandah', '0000-00-00', '', '2012-10-13 13:11:15', '2012-10-13 13:11:15', '03323C134A6DB6475EC4F01CF0127AF819E5EB', 1, 4),
(172, 'alonso.mancillass@hotmail.com', '', '', '', '', 'reik', '0000-00-00', '', '2012-10-14 19:17:26', '2012-10-14 19:17:26', '7C424E19DD2B3354C52E5697C98658D547C51D', 1, 0),
(173, 'saguirre88@hotmail.com', '', '', '', '', 'chekoaguirre', '0000-00-00', '', '2012-10-17 03:14:57', '2012-10-17 03:14:57', '58E072AED0848C02AC41EDADFC4B85D2F93F24', 1, 4),
(174, 'jesusc.alvarez@gmail.com', '', '', '', '', 'jesuscalvarez', '0000-00-00', '', '2012-10-17 07:55:53', '2012-10-17 07:55:53', '47725900257D7D35B12E4C913B915059209818', 1, 2),
(175, 'thetid@juno.com', '', '', '', '', 'thetid', '0000-00-00', '', '2012-10-18 09:44:17', '2012-10-18 09:44:17', 'EC010F2F34E435571F3E25B0B1720A700AD7F2', 0, 0),
(176, 'mccullochallen@gmail.com', '', '', '', '', 'allenfromminneapolis', '0000-00-00', '', '2012-10-18 22:40:52', '2012-10-18 22:40:52', '24711BD2F3A7A101635A109C0F9B35519A0026', 1, 0),
(177, 'zenchong@gmail.com', '', '', '', '', 'magmillion', '0000-00-00', '', '2012-10-20 02:20:27', '2012-10-20 02:20:27', '1032545192B957D4CA38D525BC901581347243', 0, 0),
(178, 'legendzdream@gmail.com', '', '', '', '', 'legendzdream', '0000-00-00', '', '2012-10-28 05:23:08', '2012-10-28 05:23:08', '2EE114BE8D48E6813DF63DCE5C516C8F6ECA00', 1, 2),
(179, 'matchphone@me.com', '', '', '', '', 'alejandro agudelo', '0000-00-00', '', '2012-10-31 21:46:56', '2012-10-31 21:46:56', 'B460645272129860FC111B8FBAD0629F84B203', 1, 18),
(180, 'alanna.bartelmey@gmail.com', '', '', '', '', 'alanna', '0000-00-00', '', '2012-11-09 16:08:58', '2012-11-09 16:08:58', '01A13F6647CCCCB06040A6FD3B61F86BBB401F', 1, 5),
(181, 'sorenson.iris@yahoo.com', '', '', '', '', 'irisange17', '0000-00-00', '', '2012-11-19 20:36:32', '2012-11-19 20:36:32', '198204E05A83B05D05141442630BA1C1E4B593', 1, 0),
(182, 'locatesarah@hotmail.com', '', '', '', '', 'locatesarah', '0000-00-00', '', '2012-11-23 01:16:03', '2012-11-23 01:16:03', '25A11DEC86F580781D369186EB67382F18304F', 1, 0),
(183, 'shaemaher_9216@yahoo.com', '', '', '', '', 'ciera', '0000-00-00', '', '2012-12-02 23:38:02', '2012-12-02 23:38:02', '65021FF232294023A620ECC07047BA2812C862', 0, 0),
(184, 'mani-pz@hotmail.de', '', '', '', '', 'mani81', '0000-00-00', '', '2012-12-06 15:08:10', '2012-12-06 15:08:10', '7AD23CFCF977DB4A79C34C70216243BEC0242A', 1, 2);
